{"_wandb":{"runtime":0},"loss":0.20531366490628583,"_timestamp":1.741195495681053e+09,"_runtime":0.702913,"_step":7,"acc":0.809631761335789}